,Model,Avg Accuracy,Avg Precision,Avg Recall,Avg F1,Avg Confusion Matrix
0,DynamicANNWrapper0,0.3278302707077837,0.10927675690259457,0.3333333333333333,0.16459272752456017,"[[1020 1048  512]
 [1046 1007  526]
 [1029 1040  510]]"
1,DynamicANNWrapper0,0.5011650732906684,0.47230582584735725,0.5013358312426119,0.45305320705676955,"[[1847  349  383]
 [1066  361 1152]
 [ 632  277 1670]]"
2,DynamicANNWrapper0,0.6094916669088903,0.6105474000381009,0.6103986935663004,0.5758647249279203,"[[2380   81  118]
 [ 633  764 1181]
 [ 578  428 1573]]"
3,DynamicANNWrapper0,0.7260893301279931,0.7243927437309124,0.7259318550755333,0.7205349703630445,"[[2370   53  156]
 [ 267 1617  696]
 [ 265  682 1633]]"
4,DynamicANNWrapper0,0.3943822128787087,0.4149104396546246,0.3946787555465231,0.30531140223309866,"[[2297   66  216]
 [1993   94  492]
 [1835   83  661]]"
5,DynamicANNWrapper0,0.6911071835457221,0.6864217888788,0.6912344196036957,0.6803442078772525,"[[2419   62   98]
 [ 267 1659  652]
 [ 285 1023 1271]]"
6,DynamicANNWrapper0,0.552214164524558,0.5101845289986335,0.5521104468035903,0.4926437818510269,"[[2296  161  122]
 [1189  295 1095]
 [ 599  297 1683]]"
