,Model,Avg Accuracy,Avg Precision,Avg Recall,Avg F1,Avg Confusion Matrix
0,DynamicANNWrapper0,0.7890765055750444,0.7938377317623343,0.7886180736821242,0.7835512567894841,"[[2449   48   82]
 [ 267 1988  325]
 [ 253  656 1670]]"
1,DynamicANNWrapper0,0.8078593982909161,0.8250561050271281,0.8079541813166025,0.8019403959457776,"[[2441   57   81]
 [ 257 2245   77]
 [ 214  799 1566]]"
2,DynamicANNWrapper0,0.8136722503155387,0.8314901708096578,0.813658215333794,0.8076997360963517,"[[2453   50   76]
 [ 253 2276   50]
 [ 227  783 1569]]"
3,DynamicANNWrapper0,0.7798267308931621,0.7971992589325768,0.7799109382993551,0.7726519856417717,"[[2394   53  132]
 [ 250 1973  357]
 [ 237  673 1669]]"
4,DynamicANNWrapper0,0.7954575693955941,0.8210287296888167,0.7955810929519613,0.7881812814943389,"[[2355   82  142]
 [ 229 2330   21]
 [ 178  929 1472]]"
5,DynamicANNWrapper0,0.800986637560219,0.8158494238390418,0.8008117668664543,0.794993192627405,"[[2444   61   75]
 [ 265 2164  151]
 [ 239  749 1592]]"
6,DynamicANNWrapper0,0.8088150701487123,0.8168226775532677,0.8089003485812967,0.8053153137663316,"[[2387   61  131]
 [ 254 2196  129]
 [ 171  732 1677]]"
