,Model,Avg Accuracy,Avg Precision,Avg Recall,Avg F1,Avg Confusion Matrix
0,DynamicANNWrapper0,0.8009094018433455,0.8134473896294138,0.8009545780485716,0.7965673022859148,"[[2373   75  132]
 [ 235 2225  119]
 [ 165  814 1601]]" [256, 256, 256, 3],
,Model,Avg Accuracy,Avg Precision,Avg Recall,Avg F1,Avg Confusion Matrix
1,DynamicANNWrapper0,0.7946831198143752,0.7990314634477493,0.794628689976901,0.790691833639044,"[[2411   49  119]
 [ 263 2039  278]
 [ 203  675 1701]]" [64, 256, 256, 3],
2,DynamicANNWrapper0,0.745569049595215,0.746749147737138,0.7456608542437999,0.7400231706028496,"[[2413   20  146]
 [ 234 1496  850]
 [ 236  481 1862]]" [512, 256, 256, 3], #pick
3,DynamicANNWrapper0,0.806980768593496,0.8171314687010707,0.8067715441793556,0.8019973674114235,"[[2437   54   88]
 [ 252 2194  133]
 [ 214  751 1615]]" [128, 256, 256, 3],
4,DynamicANNWrapper0,0.7059118761961918,0.7193806785376748,0.7071845543874214,0.6911642480359066,"[[2393   19  167]
 [ 228 1444  907]
 [ 236  717 1626]]" [1024, 256, 256, 3],
