,Model,Avg Accuracy,Avg Precision,Avg Recall,Avg F1,Avg Confusion Matrix
0,DynamicANNWrapper0,0.7955353690960554,0.8081304372697415,0.7953780613327843,0.7888722047194452,"[[2480   48   52]
 [ 276 2044  259]
 [ 281  665 1633]]"
1,DynamicANNWrapper0,0.7929773030645233,0.8182004220834271,0.7934211688913715,0.7842123457549084,"[[2379   74  126]
 [ 236 2314   29]
 [ 176  959 1444]]"
2,DynamicANNWrapper0,0.7973701845771447,0.8175380841207627,0.7973086113673399,0.7916393473489972,"[[2326  101  152]
 [ 229 2314   35]
 [ 196  852 1531]]"
3,DynamicANNWrapper0,0.7144625615180116,0.7325314410295978,0.7133389895805493,0.6824755123050188,"[[2527   13   39]
 [ 304 1242 1033]
 [ 423  397 1760]]"
4,DynamicANNWrapper0,0.7464213022140761,0.7615068587990583,0.7470298968527156,0.7323277740018949,"[[2408   28  143]
 [ 250 1554  775]
 [ 218  547 1814]]"
5,DynamicANNWrapper0,0.7979640626320793,0.8139530804887976,0.7980002243858199,0.7915447743810758,"[[2427   64   88]
 [ 261 2214  104]
 [ 232  812 1535]]"
6,DynamicANNWrapper0,0.793184855699126,0.8119806565980822,0.7931199702474152,0.7870756075609998,"[[2373   93  114]
 [ 243 2267   69]
 [ 188  892 1499]]"
