,Model,Avg Accuracy,Avg Precision,Avg Recall,Avg F1,Avg Confusion Matrix
0,DynamicANNWrapper0,0.8050429209864667,0.830492547426892,0.8049412199356014,0.7973545494265558,"[[2443   65   71]
 [ 257 2308   14]
 [ 231  868 1479]]"
1,DynamicANNWrapper0,0.8042938006089756,0.8188681437618059,0.8045291466915879,0.7989209185910257,"[[2435   58   87]
 [ 270 2196  114]
 [ 217  767 1595]]"
2,DynamicANNWrapper0,0.7927448150135501,0.8019165496081534,0.7921684086685457,0.7866347279457867,"[[2421   43  115]
 [ 273 1986  320]
 [ 232  619 1728]]"
3,DynamicANNWrapper0,0.8107786774558173,0.825819126629517,0.810389759390549,0.8057169542896305,"[[2405   74  101]
 [ 240 2271   69]
 [ 206  774 1600]]"
4,DynamicANNWrapper0,0.8061797684003066,0.8198744307225218,0.8057843810879127,0.8012942777897203,"[[2389   69  121]
 [ 245 2241   93]
 [ 170  799 1610]]"
5,DynamicANNWrapper0,0.7856141035409125,0.7972344609232043,0.7862176099000997,0.7786462172653991,"[[2439   50   90]
 [ 269 2086  224]
 [ 250  774 1555]]"
6,DynamicANNWrapper0,0.7974988862992736,0.8100176050356513,0.797293177716091,0.7922058542470478,"[[2386   76  117]
 [ 247 2195  137]
 [ 186  802 1591]]"
7,DynamicANNWrapper0,0.6467733781458896,0.6718494325940443,0.6467294244050372,0.6018118566374946,"[[2396  145   38]
 [ 289 1963  327]
 [ 225 1707  647]]"
8,DynamicANNWrapper0,0.6211701117665297,0.6912154731176849,0.6212166590340258,0.5141298650888523,"[[2449    1  129]
 [ 280   30 2270]
 [ 243    8 2328]]"