,Model,Avg Accuracy,Avg Precision,Avg Recall,Avg F1,Avg Confusion Matrix
0,DynamicANNWrapper0,0.8026921973471346,0.8204976641732367,0.8023254978560324,0.7966404462372334,"[[2412   69   99]
 [ 254 2243   82]
 [ 210  812 1557]]"
1,DynamicANNWrapper0,0.8089443058198,0.8272657813357801,0.8089379182734868,0.8029621288462667,"[[2451   55   74]
 [ 273 2252   54]
 [ 231  790 1558]]"
2,DynamicANNWrapper0,0.8051203068764851,0.82224856513975,0.8049660330992946,0.7995505019652704,"[[2417   53  109]
 [ 249 2208  123]
 [ 209  763 1607]]"
3,DynamicANNWrapper0,0.8016585856272755,0.8145121709315915,0.8017859149258919,0.7954902290386657,"[[2443   53   83]
 [ 257 2180  142]
 [ 256  741 1581]]"
4,DynamicANNWrapper0,0.8020721591304054,0.8278906391064563,0.8017094301974963,0.793727824928686,"[[2452   62   65]
 [ 263 2288   28]
 [ 238  873 1467]]"
5,DynamicANNWrapper0,0.8045005890291309,0.811671124624775,0.8042001305282869,0.8001725410295188,"[[2416   57  106]
 [ 253 2163  163]
 [ 198  734 1648]]"
6,DynamicANNWrapper0,0.7916082846319045,0.8094032981507906,0.7919292503466615,0.7849369028495957,"[[2406   79   94]
 [ 249 2181  150]
 [ 215  824 1540]]"
7,DynamicANNWrapper0,0.8145765763065956,0.8309955160470853,0.814528860671777,0.8091671805514166,"[[2433   57   89]
 [ 246 2281   53]
 [ 219  770 1590]]"
