,Model,Avg Accuracy,Avg Precision,Avg Recall,Avg F1,Avg Confusion Matrix
0,DynamicANNWrapper0,0.4563358133148916,0.4610530949140538,0.4577423965101185,0.3871662434633901,"[[2189  234  156]
 [1512  265  803]
 [1234  267 1078]]"
1,DynamicANNWrapper0,0.6181728093100408,0.6238102157631195,0.6198144120180056,0.5806624368234466,"[[2396  156   27]
 [ 353 1680  546]
 [ 255 1617  708]]"
2,DynamicANNWrapper0,0.7971369456604483,0.8187502615597886,0.7966241183229077,0.7893146589178367,"[[2432   69   78]
 [ 240 2241   98]
 [ 215  868 1496]]"
3,DynamicANNWrapper0,0.7143851923138982,0.7104756578406738,0.7144799011273617,0.710993331739231,"[[2337   42  200]
 [ 251 1673  656]
 [ 170  890 1519]]"
4,DynamicANNWrapper0,0.3618302882613557,0.47060639271413063,0.3618101758965961,0.2335420954078799,"[[2510    1   68]
 [2418    3  158]
 [2289    3  287]]"
5,DynamicANNWrapper0,0.6846997059376225,0.6817952678177971,0.685252496777436,0.6710032587204655,"[[2424   30  125]
 [ 266 1744  568]
 [ 233 1216 1131]]"
6,DynamicANNWrapper0,0.8012710287871572,0.8133003130696099,0.8016315489008589,0.796728012827054,"[[2375   62  142]
 [ 248 2219  112]
 [ 188  783 1608]]"
7,DynamicANNWrapper0,0.649718156710749,0.654088413779683,0.6501385488403427,0.6224307945883267,"[[2336   71  172]
 [ 263 1851  465]
 [ 187 1550  842]]"
8,DynamicANNWrapper0,0.7911695955046303,0.8017083064973516,0.7912904065296869,0.7851033198024716,"[[2421   51  107]
 [ 270 2167  142]
 [ 225  818 1536]]"
