,Model,Avg Accuracy,Avg Precision,Avg Recall,Avg F1,Avg Confusion Matrix
0,DynamicANNWrapper0,0.8005991207662728,0.825358672871635,0.8002190913346542,0.7929346066714273,"[[2395   73  112]
 [ 246 2321   12]
 [ 211  888 1480]]"
1,DynamicANNWrapper0,0.7958973998387674,0.8025956384768289,0.7959536827433522,0.7915407712899396,"[[2378   60  140]
 [ 251 2153  175]
 [ 201  749 1629]]"
2,DynamicANNWrapper0,0.7862598347140975,0.8051055250379108,0.786716854940091,0.7813836622967565,"[[2290   88  202]
 [ 232 2201  146]
 [ 179  807 1594]]"
3,DynamicANNWrapper0,0.8001342814887472,0.8113702518419579,0.8000702375662403,0.794768777657369,"[[2405   70  105]
 [ 243 2182  154]
 [ 215  759 1605]]"
4,DynamicANNWrapper0,0.8005733443802925,0.8270760377326927,0.8007101211873249,0.7921598895089212,"[[2459   64   57]
 [ 257 2293   29]
 [ 245  890 1444]]"
5,DynamicANNWrapper0,0.8022013380694162,0.8138665081260477,0.8021930052211216,0.7977339054613091,"[[2384   73  123]
 [ 243 2205  131]
 [ 188  772 1620]]"
6,DynamicANNWrapper0,0.798894428646415,0.8147361953046403,0.7982213293017607,0.7927962013800107,"[[2404   61  115]
 [ 252 2202  125]
 [ 202  800 1577]]"
7,DynamicANNWrapper0,0.8068000335453434,0.8154854846463611,0.8065506418149122,0.8021532945089559,"[[2438   53   88]
 [ 249 2136  194]
 [ 215  694 1671]]"
