,Model,Avg Accuracy,Avg Precision,Avg Recall,Avg F1,Avg Confusion Matrix
0,DynamicANNWrapper0,0.7254682807454235,0.7519465334217634,0.7265705281333074,0.7031440274923371,"[[2412   47  121]
 [ 250 1202 1127]
 [ 214  364 2001]]"
1,DynamicANNWrapper0,0.7725945057119357,0.7870493129959428,0.772939035864028,0.7655249358169084,"[[2419   39  121]
 [ 246 1713  620]
 [ 213  519 1847]]"
2,DynamicANNWrapper0,0.8031311134027164,0.8184186049404307,0.8030656852188391,0.7969596377459226,"[[2457   52   70]
 [ 269 2188  122]
 [ 243  765 1571]]"
3,DynamicANNWrapper0,0.7960522650598719,0.8016681744068108,0.7963056703079885,0.7924223681531118,"[[2394   54  132]
 [ 244 2040  295]
 [ 183  668 1727]]"
4,DynamicANNWrapper0,0.8063864967512042,0.8174143143179251,0.8059148979060288,0.801224670363849,"[[2430   54   95]
 [ 256 2189  134]
 [ 216  741 1622]]"
5,DynamicANNWrapper0,0.7987394099149849,0.807959217354081,0.7990596964145714,0.7939869217093463,"[[2406   51  122]
 [ 254 2166  159]
 [ 208  761 1610]]"
6,DynamicANNWrapper0,0.7997466078472943,0.8117509278017924,0.7995214491721779,0.7944084345781468,"[[2408   66  105]
 [ 253 2199  127]
 [ 205  791 1583]]"
7,DynamicANNWrapper0,0.8103394610539466,0.8252364470385473,0.8103334578661221,0.80444019581568,"[[2464   46   69]
 [ 259 2227   93]
 [ 247  752 1580]]"
