,Model,Avg Accuracy,Avg Precision,Avg Recall,Avg F1,Avg Confusion Matrix
0,DynamicANNWrapper0,0.7804729926781248,0.7923474259643677,0.7810923569649431,0.7768699292173588,"[[2291   51  237]
 [ 224 2108  248]
 [ 158  780 1642]]" [512, 256, 256, 3],
1,DynamicANNWrapper0,0.7429336911147323,0.7450944410915448,0.7425959901927934,0.7371600104634106,"[[2385   19  176]
 [ 215 1635  729]
 [ 194  655 1731]]" [512, 128, 256, 3],
2,DynamicANNWrapper0,0.7033023007760514,0.702092664032322,0.7040676667262047,0.6906759940016571,"[[2482   12   86]
 [ 270 1260 1049]
 [ 319  558 1701]]" [512, 64, 256, 3],
3,DynamicANNWrapper0,0.8038031415621164,0.8247115179463496,0.803875646159095,0.7971790167033281,"[[2439   60   80]
 [ 253 2260   66]
 [ 208  850 1522]]" [512, 512, 256, 3],
4,DynamicANNWrapper0,0.8108819632075128,0.8279291908318289,0.8110972756553604,0.8060374593301063,"[[2389   68  122]
 [ 239 2303   37]
 [ 174  821 1584]]" [512, 1024, 256, 3], #pick
