,Model,Avg Accuracy,Avg Precision,Avg Recall,Avg F1,Avg Confusion Matrix
0,DynamicANNWrapper0,0.807471417628812,0.8264899014751721,0.8067967794145273,0.8004808710187863,"[[2437   60   82]
 [ 241 2246   93]
 [ 206  807 1567]]"
1,DynamicANNWrapper0,0.8111145213392869,0.8247622274743222,0.8111256043520593,0.8062300882913757,"[[2439   55   85]
 [ 256 2223  101]
 [ 200  763 1616]]"
2,DynamicANNWrapper0,0.8120447305061159,0.8311293405952543,0.812087512131536,0.8061036178691554,"[[2435   58   86]
 [ 243 2292   44]
 [ 202  819 1558]]"
3,DynamicANNWrapper0,0.8102102620918499,0.8241607257100159,0.810266788205024,0.805491132018448,"[[2427   60   93]
 [ 266 2229   85]
 [ 198  766 1615]]"
4,DynamicANNWrapper0,0.7987130528595119,0.8279216964017116,0.7986207653755918,0.7889165431059617,"[[2488   52   39]
 [ 273 2283   23]
 [ 300  868 1411]]"
5,DynamicANNWrapper0,0.7092446454346979,0.7134317212522132,0.709360037192532,0.6959692612238371,"[[2457   23  100]
 [ 278 1468  833]
 [ 301  713 1565]]"
6,DynamicANNWrapper0,0.8043196270526709,0.8146590655223077,0.8044223150566712,0.7998948451784194,"[[2413   62  104]
 [ 249 2186  144]
 [ 195  758 1626]]"
7,DynamicANNWrapper0,0.8036992784781093,0.8270789876689676,0.804065697875707,0.795633217145877,"[[2449   55   74]
 [ 244 2292   43]
 [ 218  882 1479]]"
8,DynamicANNWrapper0,0.8073424222347558,0.8251922228125007,0.807139049176865,0.8016047907108454,"[[2437   63   79]
 [ 270 2246   63]
 [ 219  795 1566]]"
